--------------------------------------------------------
--  File created - Monday-April-22-2019   
--------------------------------------------------------
--------------------------------------------------------
--  DDL for Sequence ADMINIDSEQ
--------------------------------------------------------

   CREATE SEQUENCE  "AMSUSER"."ADMINIDSEQ"  MINVALUE 1 MAXVALUE 9999999999999999999999999999 INCREMENT BY 1 START WITH 134 NOCACHE  ORDER  NOCYCLE ;
--------------------------------------------------------
--  DDL for Sequence HIBERNATE_SEQUENCE
--------------------------------------------------------

   CREATE SEQUENCE  "AMSUSER"."HIBERNATE_SEQUENCE"  MINVALUE 1 MAXVALUE 9999999999999999999999999999 INCREMENT BY 1 START WITH 261 CACHE 20 NOORDER  NOCYCLE ;
--------------------------------------------------------
--  DDL for Sequence MANAGERIDSEQ
--------------------------------------------------------

   CREATE SEQUENCE  "AMSUSER"."MANAGERIDSEQ"  MINVALUE 1 MAXVALUE 9999999999999999999999999999 INCREMENT BY 1 START WITH 136 NOCACHE  ORDER  NOCYCLE ;
--------------------------------------------------------
--  DDL for Table ADMIN
--------------------------------------------------------

  CREATE TABLE "AMSUSER"."ADMIN" 
   (	"ADMIN_ID" VARCHAR2(10 BYTE), 
	"ADMIN_FIRST_NAME" VARCHAR2(50 BYTE), 
	"ADMIN_LAST_NAME" VARCHAR2(50 BYTE), 
	"ADMIN_AGE" NUMBER(2,0), 
	"ADMIN_GENDER" VARCHAR2(20 BYTE), 
	"ADMIN_CONTACT_NO" NUMBER(10,0), 
	"ADMIN_ALT_CONTACT_NO" NUMBER(10,0), 
	"ADMIN_EMAIL_ID" VARCHAR2(50 BYTE), 
	"ADMIN_PASSWORD" VARCHAR2(15 BYTE), 
	"ADMIN_DOB" VARCHAR2(20 BYTE)
   ) SEGMENT CREATION IMMEDIATE 
  PCTFREE 10 PCTUSED 40 INITRANS 1 MAXTRANS 255 NOCOMPRESS LOGGING
  STORAGE(INITIAL 65536 NEXT 1048576 MINEXTENTS 1 MAXEXTENTS 2147483645
  PCTINCREASE 0 FREELISTS 1 FREELIST GROUPS 1 BUFFER_POOL DEFAULT FLASH_CACHE DEFAULT CELL_FLASH_CACHE DEFAULT)
  TABLESPACE "SYSTEM" ;
--------------------------------------------------------
--  DDL for Table GENDER
--------------------------------------------------------

  CREATE TABLE "AMSUSER"."GENDER" 
   (	"GENDER_OPTION" VARCHAR2(20 BYTE)
   ) SEGMENT CREATION IMMEDIATE 
  PCTFREE 10 PCTUSED 40 INITRANS 1 MAXTRANS 255 NOCOMPRESS LOGGING
  STORAGE(INITIAL 65536 NEXT 1048576 MINEXTENTS 1 MAXEXTENTS 2147483645
  PCTINCREASE 0 FREELISTS 1 FREELIST GROUPS 1 BUFFER_POOL DEFAULT FLASH_CACHE DEFAULT CELL_FLASH_CACHE DEFAULT)
  TABLESPACE "SYSTEM" ;
--------------------------------------------------------
--  DDL for Table HANGAR
--------------------------------------------------------

  CREATE TABLE "AMSUSER"."HANGAR" 
   (	"HANGAR_ID" NUMBER(8,0), 
	"MANAGER_ID" VARCHAR2(100 BYTE), 
	"MANAGER_ADDRESS_LINE_1" VARCHAR2(100 BYTE), 
	"MANAGER_ADDRESS_LINE_2" VARCHAR2(100 BYTE), 
	"HANGAR_CITY" VARCHAR2(255 BYTE), 
	"HANGAR_STATE" VARCHAR2(255 BYTE), 
	"HANGAR_ZIP_CODE" NUMBER(19,0)
   ) SEGMENT CREATION IMMEDIATE 
  PCTFREE 10 PCTUSED 40 INITRANS 1 MAXTRANS 255 NOCOMPRESS LOGGING
  STORAGE(INITIAL 65536 NEXT 1048576 MINEXTENTS 1 MAXEXTENTS 2147483645
  PCTINCREASE 0 FREELISTS 1 FREELIST GROUPS 1 BUFFER_POOL DEFAULT FLASH_CACHE DEFAULT CELL_FLASH_CACHE DEFAULT)
  TABLESPACE "SYSTEM" ;
--------------------------------------------------------
--  DDL for Table HANGAR_STATUS
--------------------------------------------------------

  CREATE TABLE "AMSUSER"."HANGAR_STATUS" 
   (	"STATUS" VARCHAR2(1 BYTE) DEFAULT 'A', 
	"OCCUPANCY_FROM_DATE" VARCHAR2(10 BYTE) DEFAULT 0, 
	"OCCUPANCY_TILL_DATE" VARCHAR2(10 BYTE) DEFAULT 0, 
	"PLANE_ID" NUMBER DEFAULT 0, 
	"AVAILABLE_FROM_DATE" VARCHAR2(255 BYTE) DEFAULT 0, 
	"AVAILABLE_TILL_DATE" VARCHAR2(255 BYTE) DEFAULT 0, 
	"HANGAR_ID" NUMBER(10,0), 
	"MANAGER_ID" VARCHAR2(255 BYTE)
   ) SEGMENT CREATION IMMEDIATE 
  PCTFREE 10 PCTUSED 40 INITRANS 1 MAXTRANS 255 NOCOMPRESS LOGGING
  STORAGE(INITIAL 65536 NEXT 1048576 MINEXTENTS 1 MAXEXTENTS 2147483645
  PCTINCREASE 0 FREELISTS 1 FREELIST GROUPS 1 BUFFER_POOL DEFAULT FLASH_CACHE DEFAULT CELL_FLASH_CACHE DEFAULT)
  TABLESPACE "SYSTEM" ;
--------------------------------------------------------
--  DDL for Table MANAGER
--------------------------------------------------------

  CREATE TABLE "AMSUSER"."MANAGER" 
   (	"MANAGER_ID" VARCHAR2(10 BYTE), 
	"MANAGER_FIRST_NAME" VARCHAR2(50 BYTE), 
	"MANAGER_AGE" NUMBER(2,0), 
	"MANAGER_GENDER" VARCHAR2(20 BYTE), 
	"MANAGER_DOB" VARCHAR2(10 BYTE), 
	"MANAGER_CONTACT_NO" NUMBER(10,0), 
	"MANAGER_ALT_CONTACT_NO" NUMBER(10,0), 
	"MANAGER_EMAIL_ID" VARCHAR2(50 BYTE), 
	"MANAGER_PASSWORD" VARCHAR2(15 BYTE), 
	"MANAGER_STATUS" VARCHAR2(20 BYTE) DEFAULT 'Pending', 
	"MANAGER_LAST_NAME" VARCHAR2(50 BYTE)
   ) SEGMENT CREATION IMMEDIATE 
  PCTFREE 10 PCTUSED 40 INITRANS 1 MAXTRANS 255 NOCOMPRESS LOGGING
  STORAGE(INITIAL 65536 NEXT 1048576 MINEXTENTS 1 MAXEXTENTS 2147483645
  PCTINCREASE 0 FREELISTS 1 FREELIST GROUPS 1 BUFFER_POOL DEFAULT FLASH_CACHE DEFAULT CELL_FLASH_CACHE DEFAULT)
  TABLESPACE "SYSTEM" ;
--------------------------------------------------------
--  DDL for Table MANAGERREQUEST
--------------------------------------------------------

  CREATE TABLE "AMSUSER"."MANAGERREQUEST" 
   (	"MANAGER_ID" VARCHAR2(20 BYTE), 
	"REQUEST_ID" VARCHAR2(20 BYTE), 
	"STATUS" VARCHAR2(20 BYTE) DEFAULT 'Pending'
   ) SEGMENT CREATION IMMEDIATE 
  PCTFREE 10 PCTUSED 40 INITRANS 1 MAXTRANS 255 NOCOMPRESS LOGGING
  STORAGE(INITIAL 65536 NEXT 1048576 MINEXTENTS 1 MAXEXTENTS 2147483645
  PCTINCREASE 0 FREELISTS 1 FREELIST GROUPS 1 BUFFER_POOL DEFAULT FLASH_CACHE DEFAULT CELL_FLASH_CACHE DEFAULT)
  TABLESPACE "SYSTEM" ;
--------------------------------------------------------
--  DDL for Table OWNER
--------------------------------------------------------

  CREATE TABLE "AMSUSER"."OWNER" 
   (	"OWNER_ID" NUMBER(10,0), 
	"OWNER_FIRST_NAME" VARCHAR2(100 BYTE), 
	"OWNER_LAST_NAME" VARCHAR2(100 BYTE), 
	"OWNER_CONTACT_NO" NUMBER(10,0), 
	"OWNER_EMAIL" VARCHAR2(100 BYTE)
   ) SEGMENT CREATION IMMEDIATE 
  PCTFREE 10 PCTUSED 40 INITRANS 1 MAXTRANS 255 NOCOMPRESS LOGGING
  STORAGE(INITIAL 65536 NEXT 1048576 MINEXTENTS 1 MAXEXTENTS 2147483645
  PCTINCREASE 0 FREELISTS 1 FREELIST GROUPS 1 BUFFER_POOL DEFAULT FLASH_CACHE DEFAULT CELL_FLASH_CACHE DEFAULT)
  TABLESPACE "SYSTEM" ;
--------------------------------------------------------
--  DDL for Table PILOTS
--------------------------------------------------------

  CREATE TABLE "AMSUSER"."PILOTS" 
   (	"PILOT_ID" NUMBER(8,0), 
	"PILOT_LICENSE_NUMBER" CHAR(100 BYTE), 
	"PILOT_ADDRESS_LINE_1" VARCHAR2(100 BYTE), 
	"PILOT_ADDRESS_LINE_2" CHAR(100 BYTE), 
	"PILOT_CITY" CHAR(50 BYTE), 
	"PILOT_STATE" CHAR(50 BYTE), 
	"PILOT_ZIP_CODE" NUMBER(10,0), 
	"PILOT_SSN" NUMBER(9,0)
   ) SEGMENT CREATION IMMEDIATE 
  PCTFREE 10 PCTUSED 40 INITRANS 1 MAXTRANS 255 NOCOMPRESS LOGGING
  STORAGE(INITIAL 65536 NEXT 1048576 MINEXTENTS 1 MAXEXTENTS 2147483645
  PCTINCREASE 0 FREELISTS 1 FREELIST GROUPS 1 BUFFER_POOL DEFAULT FLASH_CACHE DEFAULT CELL_FLASH_CACHE DEFAULT)
  TABLESPACE "SYSTEM" ;
--------------------------------------------------------
--  DDL for Table PLANES
--------------------------------------------------------

  CREATE TABLE "AMSUSER"."PLANES" 
   (	"PLANE_ID" NUMBER(8,0), 
	"PLANE_TYPE" VARCHAR2(10 BYTE), 
	"PLANE_CAPACITY" NUMBER(3,0), 
	"OWNER_OWNER_ID" NUMBER(19,0)
   ) SEGMENT CREATION IMMEDIATE 
  PCTFREE 10 PCTUSED 40 INITRANS 1 MAXTRANS 255 NOCOMPRESS LOGGING
  STORAGE(INITIAL 65536 NEXT 1048576 MINEXTENTS 1 MAXEXTENTS 2147483645
  PCTINCREASE 0 FREELISTS 1 FREELIST GROUPS 1 BUFFER_POOL DEFAULT FLASH_CACHE DEFAULT CELL_FLASH_CACHE DEFAULT)
  TABLESPACE "SYSTEM" ;
--------------------------------------------------------
--  DDL for Table STATUS
--------------------------------------------------------

  CREATE TABLE "AMSUSER"."STATUS" 
   (	"STATUS_OPTION" VARCHAR2(20 BYTE), 
	"STATUS_DETAIL" VARCHAR2(20 BYTE)
   ) SEGMENT CREATION IMMEDIATE 
  PCTFREE 10 PCTUSED 40 INITRANS 1 MAXTRANS 255 NOCOMPRESS LOGGING
  STORAGE(INITIAL 65536 NEXT 1048576 MINEXTENTS 1 MAXEXTENTS 2147483645
  PCTINCREASE 0 FREELISTS 1 FREELIST GROUPS 1 BUFFER_POOL DEFAULT FLASH_CACHE DEFAULT CELL_FLASH_CACHE DEFAULT)
  TABLESPACE "SYSTEM" ;
REM INSERTING into AMSUSER.ADMIN
SET DEFINE OFF;
Insert into AMSUSER.ADMIN (ADMIN_ID,ADMIN_FIRST_NAME,ADMIN_LAST_NAME,ADMIN_AGE,ADMIN_GENDER,ADMIN_CONTACT_NO,ADMIN_ALT_CONTACT_NO,ADMIN_EMAIL_ID,ADMIN_PASSWORD,ADMIN_DOB) values ('ADMINBBA','ARU','RASTOGI',7,'Male',989183965,46,'vsdgdg','arushi','1915-01-31');
Insert into AMSUSER.ADMIN (ADMIN_ID,ADMIN_FIRST_NAME,ADMIN_LAST_NAME,ADMIN_AGE,ADMIN_GENDER,ADMIN_CONTACT_NO,ADMIN_ALT_CONTACT_NO,ADMIN_EMAIL_ID,ADMIN_PASSWORD,ADMIN_DOB) values ('ADMINBBB','ARU','RASTOGI',7,'Male',9891839653,46,'ARUsh2352i1@GMAIL.COM','aa','2019-03-31');
Insert into AMSUSER.ADMIN (ADMIN_ID,ADMIN_FIRST_NAME,ADMIN_LAST_NAME,ADMIN_AGE,ADMIN_GENDER,ADMIN_CONTACT_NO,ADMIN_ALT_CONTACT_NO,ADMIN_EMAIL_ID,ADMIN_PASSWORD,ADMIN_DOB) values ('ADMINBBC','Rishi','Rai',23,'Male',9891811111,46,'rishi.rai@gmail.com','rishi','1989-12-30');
Insert into AMSUSER.ADMIN (ADMIN_ID,ADMIN_FIRST_NAME,ADMIN_LAST_NAME,ADMIN_AGE,ADMIN_GENDER,ADMIN_CONTACT_NO,ADMIN_ALT_CONTACT_NO,ADMIN_EMAIL_ID,ADMIN_PASSWORD,ADMIN_DOB) values ('ADMINBCD','Bhavesh','Batra',0,'Male',9997010181,9997019001,'b@b.com','batra','1997-09-11');
Insert into AMSUSER.ADMIN (ADMIN_ID,ADMIN_FIRST_NAME,ADMIN_LAST_NAME,ADMIN_AGE,ADMIN_GENDER,ADMIN_CONTACT_NO,ADMIN_ALT_CONTACT_NO,ADMIN_EMAIL_ID,ADMIN_PASSWORD,ADMIN_DOB) values ('ADMINBCE','fwdefd','dsvfdv',0,'Male',452,4545,'gfg','fgeg','2001-04-01');
Insert into AMSUSER.ADMIN (ADMIN_ID,ADMIN_FIRST_NAME,ADMIN_LAST_NAME,ADMIN_AGE,ADMIN_GENDER,ADMIN_CONTACT_NO,ADMIN_ALT_CONTACT_NO,ADMIN_EMAIL_ID,ADMIN_PASSWORD,ADMIN_DOB) values ('ADMINBCF','grsdfghsr','fsghsfgh',0,'Male',4534,36535,'gsfgsf','fgf','2001-04-01');
Insert into AMSUSER.ADMIN (ADMIN_ID,ADMIN_FIRST_NAME,ADMIN_LAST_NAME,ADMIN_AGE,ADMIN_GENDER,ADMIN_CONTACT_NO,ADMIN_ALT_CONTACT_NO,ADMIN_EMAIL_ID,ADMIN_PASSWORD,ADMIN_DOB) values ('ADMINBCG','bhavesh','batra',0,'Male',112233,3453453,'gfgs@jboja.com','bhavesh','2001-04-01');
Insert into AMSUSER.ADMIN (ADMIN_ID,ADMIN_FIRST_NAME,ADMIN_LAST_NAME,ADMIN_AGE,ADMIN_GENDER,ADMIN_CONTACT_NO,ADMIN_ALT_CONTACT_NO,ADMIN_EMAIL_ID,ADMIN_PASSWORD,ADMIN_DOB) values ('ADMINBCI','bhavesh','batra',0,'Male',7894561230,4567891230,'a@c.com','a','1997-09-11');
Insert into AMSUSER.ADMIN (ADMIN_ID,ADMIN_FIRST_NAME,ADMIN_LAST_NAME,ADMIN_AGE,ADMIN_GENDER,ADMIN_CONTACT_NO,ADMIN_ALT_CONTACT_NO,ADMIN_EMAIL_ID,ADMIN_PASSWORD,ADMIN_DOB) values ('ADMINBCJ','sdwds','sdsds',0,'Male',7777777777,8888888889,'3@9.com','abcd','1870-11-24');
Insert into AMSUSER.ADMIN (ADMIN_ID,ADMIN_FIRST_NAME,ADMIN_LAST_NAME,ADMIN_AGE,ADMIN_GENDER,ADMIN_CONTACT_NO,ADMIN_ALT_CONTACT_NO,ADMIN_EMAIL_ID,ADMIN_PASSWORD,ADMIN_DOB) values ('ADMINBAI','ARU','RASTOGI',7,'Female',56,8130304026,'ARU1@GMAIL.COM','arushi','2019-04-01');
Insert into AMSUSER.ADMIN (ADMIN_ID,ADMIN_FIRST_NAME,ADMIN_LAST_NAME,ADMIN_AGE,ADMIN_GENDER,ADMIN_CONTACT_NO,ADMIN_ALT_CONTACT_NO,ADMIN_EMAIL_ID,ADMIN_PASSWORD,ADMIN_DOB) values ('ADMINBAJ','ARU','RASTOGI',7,'Female',564635,46,'ARUshi@GMAIL.COM','arushi','2019-03-31');
Insert into AMSUSER.ADMIN (ADMIN_ID,ADMIN_FIRST_NAME,ADMIN_LAST_NAME,ADMIN_AGE,ADMIN_GENDER,ADMIN_CONTACT_NO,ADMIN_ALT_CONTACT_NO,ADMIN_EMAIL_ID,ADMIN_PASSWORD,ADMIN_DOB) values ('ADMINBCB','aru','hey',0,'Female',3333,0,'dfdwf@gmail.com','aa','1949-02-01');
Insert into AMSUSER.ADMIN (ADMIN_ID,ADMIN_FIRST_NAME,ADMIN_LAST_NAME,ADMIN_AGE,ADMIN_GENDER,ADMIN_CONTACT_NO,ADMIN_ALT_CONTACT_NO,ADMIN_EMAIL_ID,ADMIN_PASSWORD,ADMIN_DOB) values ('ADMINBCC','df','dgs',0,'Male',346,6356,'vsd','sf','2001-04-01');
Insert into AMSUSER.ADMIN (ADMIN_ID,ADMIN_FIRST_NAME,ADMIN_LAST_NAME,ADMIN_AGE,ADMIN_GENDER,ADMIN_CONTACT_NO,ADMIN_ALT_CONTACT_NO,ADMIN_EMAIL_ID,ADMIN_PASSWORD,ADMIN_DOB) values ('ADMINBDA','fdgbdf','bxcbgf',0,'Male',4254562464,0,'dfsr@ger.gs','fsgf','2001-04-01');
Insert into AMSUSER.ADMIN (ADMIN_ID,ADMIN_FIRST_NAME,ADMIN_LAST_NAME,ADMIN_AGE,ADMIN_GENDER,ADMIN_CONTACT_NO,ADMIN_ALT_CONTACT_NO,ADMIN_EMAIL_ID,ADMIN_PASSWORD,ADMIN_DOB) values ('ADMINBDB','rtgwr','sfsd',18,'Female',4312532634,0,'f@herh.gf','fg','2001-04-01');
Insert into AMSUSER.ADMIN (ADMIN_ID,ADMIN_FIRST_NAME,ADMIN_LAST_NAME,ADMIN_AGE,ADMIN_GENDER,ADMIN_CONTACT_NO,ADMIN_ALT_CONTACT_NO,ADMIN_EMAIL_ID,ADMIN_PASSWORD,ADMIN_DOB) values ('ADMINBDC','dfsgd','xgfg',18,'Male',2352345352,0,'dfws!@fgdr.trf','gdfg','2001-04-01');
Insert into AMSUSER.ADMIN (ADMIN_ID,ADMIN_FIRST_NAME,ADMIN_LAST_NAME,ADMIN_AGE,ADMIN_GENDER,ADMIN_CONTACT_NO,ADMIN_ALT_CONTACT_NO,ADMIN_EMAIL_ID,ADMIN_PASSWORD,ADMIN_DOB) values ('ADMINBDD','tgdeth','hcdgh',18,'Male',4634634563,0,'fgf@gfrg.gsd','gdrgdr','2001-04-01');
REM INSERTING into AMSUSER.GENDER
SET DEFINE OFF;
Insert into AMSUSER.GENDER (GENDER_OPTION) values ('Male');
Insert into AMSUSER.GENDER (GENDER_OPTION) values ('Female');
REM INSERTING into AMSUSER.HANGAR
SET DEFINE OFF;
Insert into AMSUSER.HANGAR (HANGAR_ID,MANAGER_ID,MANAGER_ADDRESS_LINE_1,MANAGER_ADDRESS_LINE_2,HANGAR_CITY,HANGAR_STATE,HANGAR_ZIP_CODE) values (65,'44','address 1','address','shy5t','thst',55);
Insert into AMSUSER.HANGAR (HANGAR_ID,MANAGER_ID,MANAGER_ADDRESS_LINE_1,MANAGER_ADDRESS_LINE_2,HANGAR_CITY,HANGAR_STATE,HANGAR_ZIP_CODE) values (66,'55','eth','twht','twh','thr',334);
Insert into AMSUSER.HANGAR (HANGAR_ID,MANAGER_ID,MANAGER_ADDRESS_LINE_1,MANAGER_ADDRESS_LINE_2,HANGAR_CITY,HANGAR_STATE,HANGAR_ZIP_CODE) values (71,'2','af3452','fs','dfbhd','hgfnhg',56);
Insert into AMSUSER.HANGAR (HANGAR_ID,MANAGER_ID,MANAGER_ADDRESS_LINE_1,MANAGER_ADDRESS_LINE_2,HANGAR_CITY,HANGAR_STATE,HANGAR_ZIP_CODE) values (72,'2','af3452','fs','dfbhd','hgfnhg',56);
Insert into AMSUSER.HANGAR (HANGAR_ID,MANAGER_ID,MANAGER_ADDRESS_LINE_1,MANAGER_ADDRESS_LINE_2,HANGAR_CITY,HANGAR_STATE,HANGAR_ZIP_CODE) values (73,'MANAGERBBF','af3452','fs','city','state',9191);
Insert into AMSUSER.HANGAR (HANGAR_ID,MANAGER_ID,MANAGER_ADDRESS_LINE_1,MANAGER_ADDRESS_LINE_2,HANGAR_CITY,HANGAR_STATE,HANGAR_ZIP_CODE) values (22,'77','jhj,h,','hgkhgk','gkjgk','hfgf',4444);
Insert into AMSUSER.HANGAR (HANGAR_ID,MANAGER_ID,MANAGER_ADDRESS_LINE_1,MANAGER_ADDRESS_LINE_2,HANGAR_CITY,HANGAR_STATE,HANGAR_ZIP_CODE) values (74,'MANAGERBBF','af3452','fs','city','state',9191);
Insert into AMSUSER.HANGAR (HANGAR_ID,MANAGER_ID,MANAGER_ADDRESS_LINE_1,MANAGER_ADDRESS_LINE_2,HANGAR_CITY,HANGAR_STATE,HANGAR_ZIP_CODE) values (253,'MANAGERBBG','dfdfd','dfdfdf','PUNE','MH',382005);
Insert into AMSUSER.HANGAR (HANGAR_ID,MANAGER_ID,MANAGER_ADDRESS_LINE_1,MANAGER_ADDRESS_LINE_2,HANGAR_CITY,HANGAR_STATE,HANGAR_ZIP_CODE) values (23,'77','jhj,h,','hgkhgk','gkjgk','hfgf',4444);
Insert into AMSUSER.HANGAR (HANGAR_ID,MANAGER_ID,MANAGER_ADDRESS_LINE_1,MANAGER_ADDRESS_LINE_2,HANGAR_CITY,HANGAR_STATE,HANGAR_ZIP_CODE) values (248,'MANAGERBBF','aGRA','CDC','Pune','UP',282005);
REM INSERTING into AMSUSER.HANGAR_STATUS
SET DEFINE OFF;
Insert into AMSUSER.HANGAR_STATUS (STATUS,OCCUPANCY_FROM_DATE,OCCUPANCY_TILL_DATE,PLANE_ID,AVAILABLE_FROM_DATE,AVAILABLE_TILL_DATE,HANGAR_ID,MANAGER_ID) values ('O','2019-04-18','2019-04-19',0,'2019-04-23',null,22,'2');
Insert into AMSUSER.HANGAR_STATUS (STATUS,OCCUPANCY_FROM_DATE,OCCUPANCY_TILL_DATE,PLANE_ID,AVAILABLE_FROM_DATE,AVAILABLE_TILL_DATE,HANGAR_ID,MANAGER_ID) values ('O','2019-04-18','2019-04-19',244,'2019-04-20',null,55,'41');
Insert into AMSUSER.HANGAR_STATUS (STATUS,OCCUPANCY_FROM_DATE,OCCUPANCY_TILL_DATE,PLANE_ID,AVAILABLE_FROM_DATE,AVAILABLE_TILL_DATE,HANGAR_ID,MANAGER_ID) values ('O','2019-04-18','2019-04-19',54,'2019-04-20',null,23,'77');
Insert into AMSUSER.HANGAR_STATUS (STATUS,OCCUPANCY_FROM_DATE,OCCUPANCY_TILL_DATE,PLANE_ID,AVAILABLE_FROM_DATE,AVAILABLE_TILL_DATE,HANGAR_ID,MANAGER_ID) values ('O','2019-04-18',null,57,null,null,24,'45767');
Insert into AMSUSER.HANGAR_STATUS (STATUS,OCCUPANCY_FROM_DATE,OCCUPANCY_TILL_DATE,PLANE_ID,AVAILABLE_FROM_DATE,AVAILABLE_TILL_DATE,HANGAR_ID,MANAGER_ID) values ('A',null,null,0,null,null,25,'2777888');
Insert into AMSUSER.HANGAR_STATUS (STATUS,OCCUPANCY_FROM_DATE,OCCUPANCY_TILL_DATE,PLANE_ID,AVAILABLE_FROM_DATE,AVAILABLE_TILL_DATE,HANGAR_ID,MANAGER_ID) values ('O','0','0',0,'0',null,65,'4');
Insert into AMSUSER.HANGAR_STATUS (STATUS,OCCUPANCY_FROM_DATE,OCCUPANCY_TILL_DATE,PLANE_ID,AVAILABLE_FROM_DATE,AVAILABLE_TILL_DATE,HANGAR_ID,MANAGER_ID) values ('O',null,null,42,null,null,66,'4');
Insert into AMSUSER.HANGAR_STATUS (STATUS,OCCUPANCY_FROM_DATE,OCCUPANCY_TILL_DATE,PLANE_ID,AVAILABLE_FROM_DATE,AVAILABLE_TILL_DATE,HANGAR_ID,MANAGER_ID) values ('A','0','0',0,'0','0',71,'4');
Insert into AMSUSER.HANGAR_STATUS (STATUS,OCCUPANCY_FROM_DATE,OCCUPANCY_TILL_DATE,PLANE_ID,AVAILABLE_FROM_DATE,AVAILABLE_TILL_DATE,HANGAR_ID,MANAGER_ID) values ('O',null,null,44,null,null,50,'4');
Insert into AMSUSER.HANGAR_STATUS (STATUS,OCCUPANCY_FROM_DATE,OCCUPANCY_TILL_DATE,PLANE_ID,AVAILABLE_FROM_DATE,AVAILABLE_TILL_DATE,HANGAR_ID,MANAGER_ID) values ('A','0','0',0,'0','0',72,'4');
Insert into AMSUSER.HANGAR_STATUS (STATUS,OCCUPANCY_FROM_DATE,OCCUPANCY_TILL_DATE,PLANE_ID,AVAILABLE_FROM_DATE,AVAILABLE_TILL_DATE,HANGAR_ID,MANAGER_ID) values ('O',null,null,59,null,null,73,'4');
Insert into AMSUSER.HANGAR_STATUS (STATUS,OCCUPANCY_FROM_DATE,OCCUPANCY_TILL_DATE,PLANE_ID,AVAILABLE_FROM_DATE,AVAILABLE_TILL_DATE,HANGAR_ID,MANAGER_ID) values ('A','0','0',0,'0','0',74,'4');
Insert into AMSUSER.HANGAR_STATUS (STATUS,OCCUPANCY_FROM_DATE,OCCUPANCY_TILL_DATE,PLANE_ID,AVAILABLE_FROM_DATE,AVAILABLE_TILL_DATE,HANGAR_ID,MANAGER_ID) values ('O','slgahd','sagd',67,'uisgacf',null,67,'sakgd');
REM INSERTING into AMSUSER.MANAGER
SET DEFINE OFF;
Insert into AMSUSER.MANAGER (MANAGER_ID,MANAGER_FIRST_NAME,MANAGER_AGE,MANAGER_GENDER,MANAGER_DOB,MANAGER_CONTACT_NO,MANAGER_ALT_CONTACT_NO,MANAGER_EMAIL_ID,MANAGER_PASSWORD,MANAGER_STATUS,MANAGER_LAST_NAME) values ('MANAGERBDF','vcvc',0,'Male','2001-04-09',4444444488,6666666669,'y@o.com','dfdfdfd','Approved','vcvcvc');
Insert into AMSUSER.MANAGER (MANAGER_ID,MANAGER_FIRST_NAME,MANAGER_AGE,MANAGER_GENDER,MANAGER_DOB,MANAGER_CONTACT_NO,MANAGER_ALT_CONTACT_NO,MANAGER_EMAIL_ID,MANAGER_PASSWORD,MANAGER_STATUS,MANAGER_LAST_NAME) values ('MANAGERBBF','reyher',6,'Male','2019-04-13',4364,6344,'bgcd35234vadf@dtghdrtj.ad6f','aaaa','Approved','rehyethy');
Insert into AMSUSER.MANAGER (MANAGER_ID,MANAGER_FIRST_NAME,MANAGER_AGE,MANAGER_GENDER,MANAGER_DOB,MANAGER_CONTACT_NO,MANAGER_ALT_CONTACT_NO,MANAGER_EMAIL_ID,MANAGER_PASSWORD,MANAGER_STATUS,MANAGER_LAST_NAME) values ('MANAGERBBG','sabbir',23,'Male','1999-02-10',9560305640,9560305641,'yash@gmail.com','aaaa','Approved','poonawala');
Insert into AMSUSER.MANAGER (MANAGER_ID,MANAGER_FIRST_NAME,MANAGER_AGE,MANAGER_GENDER,MANAGER_DOB,MANAGER_CONTACT_NO,MANAGER_ALT_CONTACT_NO,MANAGER_EMAIL_ID,MANAGER_PASSWORD,MANAGER_STATUS,MANAGER_LAST_NAME) values ('MANAGERBBJ','shreansh',21,'Male','1998-03-11',2357878751,3235787875,'shreansh@gmail.com','aaaa','Approved','kumar');
Insert into AMSUSER.MANAGER (MANAGER_ID,MANAGER_FIRST_NAME,MANAGER_AGE,MANAGER_GENDER,MANAGER_DOB,MANAGER_CONTACT_NO,MANAGER_ALT_CONTACT_NO,MANAGER_EMAIL_ID,MANAGER_PASSWORD,MANAGER_STATUS,MANAGER_LAST_NAME) values ('MANAGERBBD','getgh',45,'Male','2019-04-01',3565,63536,'bgadf@dtghdrtj.ad6f','aaaa','Approved','fhdt');
Insert into AMSUSER.MANAGER (MANAGER_ID,MANAGER_FIRST_NAME,MANAGER_AGE,MANAGER_GENDER,MANAGER_DOB,MANAGER_CONTACT_NO,MANAGER_ALT_CONTACT_NO,MANAGER_EMAIL_ID,MANAGER_PASSWORD,MANAGER_STATUS,MANAGER_LAST_NAME) values ('MANAGERBCE','dgfsdg',0,'Male','2001-04-01',46,656,'df@rgh.com','aa','Approved','gsfsf');
Insert into AMSUSER.MANAGER (MANAGER_ID,MANAGER_FIRST_NAME,MANAGER_AGE,MANAGER_GENDER,MANAGER_DOB,MANAGER_CONTACT_NO,MANAGER_ALT_CONTACT_NO,MANAGER_EMAIL_ID,MANAGER_PASSWORD,MANAGER_STATUS,MANAGER_LAST_NAME) values ('MANAGERBDE','Bhavesh',0,'Male','1997-11-26',8899977745,8899977758,'a@a.com','bhaveshbatra','Approved','Batra');
REM INSERTING into AMSUSER.MANAGERREQUEST
SET DEFINE OFF;
REM INSERTING into AMSUSER.OWNER
SET DEFINE OFF;
Insert into AMSUSER.OWNER (OWNER_ID,OWNER_FIRST_NAME,OWNER_LAST_NAME,OWNER_CONTACT_NO,OWNER_EMAIL) values (6,'aru','aru1',5455,'gfsd@df');
Insert into AMSUSER.OWNER (OWNER_ID,OWNER_FIRST_NAME,OWNER_LAST_NAME,OWNER_CONTACT_NO,OWNER_EMAIL) values (27,'aru','aru1erwgyre',5645,'fgfsg');
Insert into AMSUSER.OWNER (OWNER_ID,OWNER_FIRST_NAME,OWNER_LAST_NAME,OWNER_CONTACT_NO,OWNER_EMAIL) values (29,'arutewyhtr','yeur',547645,'tghsdtf');
Insert into AMSUSER.OWNER (OWNER_ID,OWNER_FIRST_NAME,OWNER_LAST_NAME,OWNER_CONTACT_NO,OWNER_EMAIL) values (31,'hdfhdfh','hgfh',457,'dfhth');
Insert into AMSUSER.OWNER (OWNER_ID,OWNER_FIRST_NAME,OWNER_LAST_NAME,OWNER_CONTACT_NO,OWNER_EMAIL) values (35,'xfbhdf','vbxdfb',676,'bx');
Insert into AMSUSER.OWNER (OWNER_ID,OWNER_FIRST_NAME,OWNER_LAST_NAME,OWNER_CONTACT_NO,OWNER_EMAIL) values (37,'sgsdg','gsdfg',56,'rgtfgf');
Insert into AMSUSER.OWNER (OWNER_ID,OWNER_FIRST_NAME,OWNER_LAST_NAME,OWNER_CONTACT_NO,OWNER_EMAIL) values (39,'sgsdg','gsdfg',56,'rgtfgf');
Insert into AMSUSER.OWNER (OWNER_ID,OWNER_FIRST_NAME,OWNER_LAST_NAME,OWNER_CONTACT_NO,OWNER_EMAIL) values (41,'hgdfh','hdh',54,'yryet');
Insert into AMSUSER.OWNER (OWNER_ID,OWNER_FIRST_NAME,OWNER_LAST_NAME,OWNER_CONTACT_NO,OWNER_EMAIL) values (43,'hdfgh','hdg',567,'fasasxqws');
Insert into AMSUSER.OWNER (OWNER_ID,OWNER_FIRST_NAME,OWNER_LAST_NAME,OWNER_CONTACT_NO,OWNER_EMAIL) values (45,'wqwe','weqwe',32423,'qweq');
Insert into AMSUSER.OWNER (OWNER_ID,OWNER_FIRST_NAME,OWNER_LAST_NAME,OWNER_CONTACT_NO,OWNER_EMAIL) values (55,'aru','aru1',234562,'gfsd@df');
Insert into AMSUSER.OWNER (OWNER_ID,OWNER_FIRST_NAME,OWNER_LAST_NAME,OWNER_CONTACT_NO,OWNER_EMAIL) values (56,'wqwe','weqwe',32423,'qweq');
Insert into AMSUSER.OWNER (OWNER_ID,OWNER_FIRST_NAME,OWNER_LAST_NAME,OWNER_CONTACT_NO,OWNER_EMAIL) values (58,'wqwe','weqwe',32423,'qweq');
Insert into AMSUSER.OWNER (OWNER_ID,OWNER_FIRST_NAME,OWNER_LAST_NAME,OWNER_CONTACT_NO,OWNER_EMAIL) values (242,'own','owner',46264256,'fdafad.@sehf.csd');
Insert into AMSUSER.OWNER (OWNER_ID,OWNER_FIRST_NAME,OWNER_LAST_NAME,OWNER_CONTACT_NO,OWNER_EMAIL) values (62,'aru12','aru155',234562,'fgfsg');
Insert into AMSUSER.OWNER (OWNER_ID,OWNER_FIRST_NAME,OWNER_LAST_NAME,OWNER_CONTACT_NO,OWNER_EMAIL) values (63,'sgsdg','gsdfg',56,'rgtfgf');
Insert into AMSUSER.OWNER (OWNER_ID,OWNER_FIRST_NAME,OWNER_LAST_NAME,OWNER_CONTACT_NO,OWNER_EMAIL) values (243,'arutewyht','yeur',3355,'tghsdtf');
Insert into AMSUSER.OWNER (OWNER_ID,OWNER_FIRST_NAME,OWNER_LAST_NAME,OWNER_CONTACT_NO,OWNER_EMAIL) values (245,'Ankit','Sharma',7894561235,'ankit@indigo.com');
Insert into AMSUSER.OWNER (OWNER_ID,OWNER_FIRST_NAME,OWNER_LAST_NAME,OWNER_CONTACT_NO,OWNER_EMAIL) values (246,'Ankit','Sharma',7894561236,'ankit@indigo.com');
Insert into AMSUSER.OWNER (OWNER_ID,OWNER_FIRST_NAME,OWNER_LAST_NAME,OWNER_CONTACT_NO,OWNER_EMAIL) values (250,'cvdfdfdf','fdfdf',3434343434,'dfdfdfdf@u.com');
Insert into AMSUSER.OWNER (OWNER_ID,OWNER_FIRST_NAME,OWNER_LAST_NAME,OWNER_CONTACT_NO,OWNER_EMAIL) values (76,'aru','aru1',2345623535,'gfsd@df.com');
Insert into AMSUSER.OWNER (OWNER_ID,OWNER_FIRST_NAME,OWNER_LAST_NAME,OWNER_CONTACT_NO,OWNER_EMAIL) values (252,'sdsdsd','sdsds',7777777777,'p@u.com');
Insert into AMSUSER.OWNER (OWNER_ID,OWNER_FIRST_NAME,OWNER_LAST_NAME,OWNER_CONTACT_NO,OWNER_EMAIL) values (238,'arutewyhtrvdv','yeur',3355,'tghsdtf');
REM INSERTING into AMSUSER.PILOTS
SET DEFINE OFF;
Insert into AMSUSER.PILOTS (PILOT_ID,PILOT_LICENSE_NUMBER,PILOT_ADDRESS_LINE_1,PILOT_ADDRESS_LINE_2,PILOT_CITY,PILOT_STATE,PILOT_ZIP_CODE,PILOT_SSN) values (124,'11                                                                                                  ','address line 166','address line 1                                                                                      ','Lucknow                                           ','UP                                                ',226021,1188);
Insert into AMSUSER.PILOTS (PILOT_ID,PILOT_LICENSE_NUMBER,PILOT_ADDRESS_LINE_1,PILOT_ADDRESS_LINE_2,PILOT_CITY,PILOT_STATE,PILOT_ZIP_CODE,PILOT_SSN) values (2,'adf                                                                                                 ','gznjd','dfsddrfe                                                                                            ','zjgzj                                             ','zjg                                               ',645,6356);
Insert into AMSUSER.PILOTS (PILOT_ID,PILOT_LICENSE_NUMBER,PILOT_ADDRESS_LINE_1,PILOT_ADDRESS_LINE_2,PILOT_CITY,PILOT_STATE,PILOT_ZIP_CODE,PILOT_SSN) values (12,'adf                                                                                                 ','ry','wj                                                                                                  ','zjgzj                                             ','zjg                                               ',1122,767);
Insert into AMSUSER.PILOTS (PILOT_ID,PILOT_LICENSE_NUMBER,PILOT_ADDRESS_LINE_1,PILOT_ADDRESS_LINE_2,PILOT_CITY,PILOT_STATE,PILOT_ZIP_CODE,PILOT_SSN) values (53,'123                                                                                                 ','gagr','gfdg                                                                                                ','gfa                                               ','gsdfg                                             ',43,34352);
Insert into AMSUSER.PILOTS (PILOT_ID,PILOT_LICENSE_NUMBER,PILOT_ADDRESS_LINE_1,PILOT_ADDRESS_LINE_2,PILOT_CITY,PILOT_STATE,PILOT_ZIP_CODE,PILOT_SSN) values (64,'234523                                                                                              ','sfgrg','gafg                                                                                                ','fgaf                                              ','gfg                                               ',114,22);
Insert into AMSUSER.PILOTS (PILOT_ID,PILOT_LICENSE_NUMBER,PILOT_ADDRESS_LINE_1,PILOT_ADDRESS_LINE_2,PILOT_CITY,PILOT_STATE,PILOT_ZIP_CODE,PILOT_SSN) values (93,'4523                                                                                                ','gagr','gfdg                                                                                                ','gfa                                               ','gsdfg                                             ',4344,22);
Insert into AMSUSER.PILOTS (PILOT_ID,PILOT_LICENSE_NUMBER,PILOT_ADDRESS_LINE_1,PILOT_ADDRESS_LINE_2,PILOT_CITY,PILOT_STATE,PILOT_ZIP_CODE,PILOT_SSN) values (254,'11                                                                                                  ','address line 1','address line 2                                                                                      ','Lucknow                                           ','UP                                                ',226021,11);
Insert into AMSUSER.PILOTS (PILOT_ID,PILOT_LICENSE_NUMBER,PILOT_ADDRESS_LINE_1,PILOT_ADDRESS_LINE_2,PILOT_CITY,PILOT_STATE,PILOT_ZIP_CODE,PILOT_SSN) values (255,'11                                                                                                  ','address line 1','address line 2                                                                                      ','Lucknow                                           ','UP                                                ',226021,11);
Insert into AMSUSER.PILOTS (PILOT_ID,PILOT_LICENSE_NUMBER,PILOT_ADDRESS_LINE_1,PILOT_ADDRESS_LINE_2,PILOT_CITY,PILOT_STATE,PILOT_ZIP_CODE,PILOT_SSN) values (247,'ANK456                                                                                              ','Pune','QUADROn                                                                                             ','PUNE                                              ','MH                                                ',382005,456123789);
REM INSERTING into AMSUSER.PLANES
SET DEFINE OFF;
Insert into AMSUSER.PLANES (PLANE_ID,PLANE_TYPE,PLANE_CAPACITY,OWNER_OWNER_ID) values (28,'high',33,243);
Insert into AMSUSER.PLANES (PLANE_ID,PLANE_TYPE,PLANE_CAPACITY,OWNER_OWNER_ID) values (30,'hgdh',474,31);
Insert into AMSUSER.PLANES (PLANE_ID,PLANE_TYPE,PLANE_CAPACITY,OWNER_OWNER_ID) values (34,'bxcb',565,35);
Insert into AMSUSER.PLANES (PLANE_ID,PLANE_TYPE,PLANE_CAPACITY,OWNER_OWNER_ID) values (5,'fqwf',464,6);
Insert into AMSUSER.PLANES (PLANE_ID,PLANE_TYPE,PLANE_CAPACITY,OWNER_OWNER_ID) values (26,'gsdhgh',476,27);
Insert into AMSUSER.PLANES (PLANE_ID,PLANE_TYPE,PLANE_CAPACITY,OWNER_OWNER_ID) values (36,'gfdgsyoyo',56,63);
Insert into AMSUSER.PLANES (PLANE_ID,PLANE_TYPE,PLANE_CAPACITY,OWNER_OWNER_ID) values (38,'gfdgs',56,39);
Insert into AMSUSER.PLANES (PLANE_ID,PLANE_TYPE,PLANE_CAPACITY,OWNER_OWNER_ID) values (40,'dhy',565,41);
Insert into AMSUSER.PLANES (PLANE_ID,PLANE_TYPE,PLANE_CAPACITY,OWNER_OWNER_ID) values (42,'dsa',346,43);
Insert into AMSUSER.PLANES (PLANE_ID,PLANE_TYPE,PLANE_CAPACITY,OWNER_OWNER_ID) values (44,'dsd',234,45);
Insert into AMSUSER.PLANES (PLANE_ID,PLANE_TYPE,PLANE_CAPACITY,OWNER_OWNER_ID) values (54,'high',312,55);
Insert into AMSUSER.PLANES (PLANE_ID,PLANE_TYPE,PLANE_CAPACITY,OWNER_OWNER_ID) values (57,'aru',234,56);
Insert into AMSUSER.PLANES (PLANE_ID,PLANE_TYPE,PLANE_CAPACITY,OWNER_OWNER_ID) values (59,'aru1313',234,58);
Insert into AMSUSER.PLANES (PLANE_ID,PLANE_TYPE,PLANE_CAPACITY,OWNER_OWNER_ID) values (61,'bxcb',464,62);
Insert into AMSUSER.PLANES (PLANE_ID,PLANE_TYPE,PLANE_CAPACITY,OWNER_OWNER_ID) values (75,'low',22,76);
Insert into AMSUSER.PLANES (PLANE_ID,PLANE_TYPE,PLANE_CAPACITY,OWNER_OWNER_ID) values (244,'BOING456',450,246);
Insert into AMSUSER.PLANES (PLANE_ID,PLANE_TYPE,PLANE_CAPACITY,OWNER_OWNER_ID) values (251,'dfdfd',500,252);
Insert into AMSUSER.PLANES (PLANE_ID,PLANE_TYPE,PLANE_CAPACITY,OWNER_OWNER_ID) values (241,'high',100,242);
REM INSERTING into AMSUSER.STATUS
SET DEFINE OFF;
Insert into AMSUSER.STATUS (STATUS_OPTION,STATUS_DETAIL) values ('A','Available');
--------------------------------------------------------
--  DDL for Index ADMIN_PK
--------------------------------------------------------

  CREATE UNIQUE INDEX "AMSUSER"."ADMIN_PK" ON "AMSUSER"."ADMIN" ("ADMIN_ID") 
  PCTFREE 10 INITRANS 2 MAXTRANS 255 COMPUTE STATISTICS 
  STORAGE(INITIAL 65536 NEXT 1048576 MINEXTENTS 1 MAXEXTENTS 2147483645
  PCTINCREASE 0 FREELISTS 1 FREELIST GROUPS 1 BUFFER_POOL DEFAULT FLASH_CACHE DEFAULT CELL_FLASH_CACHE DEFAULT)
  TABLESPACE "SYSTEM" ;
--------------------------------------------------------
--  DDL for Index HANGAR_PK
--------------------------------------------------------

  CREATE UNIQUE INDEX "AMSUSER"."HANGAR_PK" ON "AMSUSER"."HANGAR" ("HANGAR_ID") 
  PCTFREE 10 INITRANS 2 MAXTRANS 255 COMPUTE STATISTICS 
  STORAGE(INITIAL 65536 NEXT 1048576 MINEXTENTS 1 MAXEXTENTS 2147483645
  PCTINCREASE 0 FREELISTS 1 FREELIST GROUPS 1 BUFFER_POOL DEFAULT FLASH_CACHE DEFAULT CELL_FLASH_CACHE DEFAULT)
  TABLESPACE "SYSTEM" ;
--------------------------------------------------------
--  DDL for Index PLANES_PK
--------------------------------------------------------

  CREATE UNIQUE INDEX "AMSUSER"."PLANES_PK" ON "AMSUSER"."PLANES" ("PLANE_ID", "OWNER_OWNER_ID") 
  PCTFREE 10 INITRANS 2 MAXTRANS 255 COMPUTE STATISTICS 
  STORAGE(INITIAL 65536 NEXT 1048576 MINEXTENTS 1 MAXEXTENTS 2147483645
  PCTINCREASE 0 FREELISTS 1 FREELIST GROUPS 1 BUFFER_POOL DEFAULT FLASH_CACHE DEFAULT CELL_FLASH_CACHE DEFAULT)
  TABLESPACE "SYSTEM" ;
--------------------------------------------------------
--  Constraints for Table HANGAR
--------------------------------------------------------

  ALTER TABLE "AMSUSER"."HANGAR" MODIFY ("HANGAR_ZIP_CODE" NOT NULL ENABLE);
  ALTER TABLE "AMSUSER"."HANGAR" MODIFY ("HANGAR_STATE" NOT NULL ENABLE);
  ALTER TABLE "AMSUSER"."HANGAR" ADD CONSTRAINT "HANGAR_PK" PRIMARY KEY ("HANGAR_ID")
  USING INDEX PCTFREE 10 INITRANS 2 MAXTRANS 255 COMPUTE STATISTICS 
  STORAGE(INITIAL 65536 NEXT 1048576 MINEXTENTS 1 MAXEXTENTS 2147483645
  PCTINCREASE 0 FREELISTS 1 FREELIST GROUPS 1 BUFFER_POOL DEFAULT FLASH_CACHE DEFAULT CELL_FLASH_CACHE DEFAULT)
  TABLESPACE "SYSTEM"  ENABLE;
  ALTER TABLE "AMSUSER"."HANGAR" MODIFY ("HANGAR_CITY" NOT NULL ENABLE);
  ALTER TABLE "AMSUSER"."HANGAR" MODIFY ("MANAGER_ADDRESS_LINE_1" NOT NULL ENABLE);
  ALTER TABLE "AMSUSER"."HANGAR" MODIFY ("MANAGER_ID" NOT NULL ENABLE);
  ALTER TABLE "AMSUSER"."HANGAR" MODIFY ("HANGAR_ID" NOT NULL ENABLE);
--------------------------------------------------------
--  Constraints for Table MANAGER
--------------------------------------------------------

  ALTER TABLE "AMSUSER"."MANAGER" MODIFY ("MANAGER_PASSWORD" NOT NULL ENABLE);
  ALTER TABLE "AMSUSER"."MANAGER" MODIFY ("MANAGER_CONTACT_NO" NOT NULL ENABLE);
  ALTER TABLE "AMSUSER"."MANAGER" MODIFY ("MANAGER_AGE" NOT NULL ENABLE);
  ALTER TABLE "AMSUSER"."MANAGER" MODIFY ("MANAGER_LAST_NAME" NOT NULL ENABLE);
  ALTER TABLE "AMSUSER"."MANAGER" MODIFY ("MANAGER_FIRST_NAME" NOT NULL ENABLE);
  ALTER TABLE "AMSUSER"."MANAGER" ADD PRIMARY KEY ("MANAGER_ID")
  USING INDEX PCTFREE 10 INITRANS 2 MAXTRANS 255 COMPUTE STATISTICS 
  STORAGE(INITIAL 65536 NEXT 1048576 MINEXTENTS 1 MAXEXTENTS 2147483645
  PCTINCREASE 0 FREELISTS 1 FREELIST GROUPS 1 BUFFER_POOL DEFAULT FLASH_CACHE DEFAULT CELL_FLASH_CACHE DEFAULT)
  TABLESPACE "SYSTEM"  ENABLE;
--------------------------------------------------------
--  Constraints for Table ADMIN
--------------------------------------------------------

  ALTER TABLE "AMSUSER"."ADMIN" ADD CONSTRAINT "ADMIN_PK" PRIMARY KEY ("ADMIN_ID")
  USING INDEX PCTFREE 10 INITRANS 2 MAXTRANS 255 COMPUTE STATISTICS 
  STORAGE(INITIAL 65536 NEXT 1048576 MINEXTENTS 1 MAXEXTENTS 2147483645
  PCTINCREASE 0 FREELISTS 1 FREELIST GROUPS 1 BUFFER_POOL DEFAULT FLASH_CACHE DEFAULT CELL_FLASH_CACHE DEFAULT)
  TABLESPACE "SYSTEM"  ENABLE;
  ALTER TABLE "AMSUSER"."ADMIN" MODIFY ("ADMIN_PASSWORD" NOT NULL ENABLE);
  ALTER TABLE "AMSUSER"."ADMIN" MODIFY ("ADMIN_EMAIL_ID" NOT NULL ENABLE);
  ALTER TABLE "AMSUSER"."ADMIN" MODIFY ("ADMIN_CONTACT_NO" NOT NULL ENABLE);
  ALTER TABLE "AMSUSER"."ADMIN" MODIFY ("ADMIN_AGE" NOT NULL ENABLE);
  ALTER TABLE "AMSUSER"."ADMIN" MODIFY ("ADMIN_LAST_NAME" NOT NULL ENABLE);
  ALTER TABLE "AMSUSER"."ADMIN" MODIFY ("ADMIN_FIRST_NAME" NOT NULL ENABLE);
  ALTER TABLE "AMSUSER"."ADMIN" MODIFY ("ADMIN_ID" NOT NULL ENABLE);
  ALTER TABLE "AMSUSER"."ADMIN" MODIFY ("ADMIN_DOB" NOT NULL ENABLE);
--------------------------------------------------------
--  Constraints for Table GENDER
--------------------------------------------------------

  ALTER TABLE "AMSUSER"."GENDER" MODIFY ("GENDER_OPTION" NOT NULL ENABLE);
--------------------------------------------------------
--  Constraints for Table MANAGERREQUEST
--------------------------------------------------------

  ALTER TABLE "AMSUSER"."MANAGERREQUEST" MODIFY ("STATUS" NOT NULL ENABLE);
  ALTER TABLE "AMSUSER"."MANAGERREQUEST" MODIFY ("REQUEST_ID" NOT NULL ENABLE);
  ALTER TABLE "AMSUSER"."MANAGERREQUEST" MODIFY ("MANAGER_ID" NOT NULL ENABLE);
--------------------------------------------------------
--  Constraints for Table PILOTS
--------------------------------------------------------

  ALTER TABLE "AMSUSER"."PILOTS" MODIFY ("PILOT_SSN" NOT NULL ENABLE);
  ALTER TABLE "AMSUSER"."PILOTS" MODIFY ("PILOT_ZIP_CODE" NOT NULL ENABLE);
  ALTER TABLE "AMSUSER"."PILOTS" MODIFY ("PILOT_STATE" NOT NULL ENABLE);
  ALTER TABLE "AMSUSER"."PILOTS" MODIFY ("PILOT_CITY" NOT NULL ENABLE);
  ALTER TABLE "AMSUSER"."PILOTS" MODIFY ("PILOT_ADDRESS_LINE_2" NOT NULL ENABLE);
  ALTER TABLE "AMSUSER"."PILOTS" MODIFY ("PILOT_ADDRESS_LINE_1" NOT NULL ENABLE);
  ALTER TABLE "AMSUSER"."PILOTS" MODIFY ("PILOT_LICENSE_NUMBER" NOT NULL ENABLE);
  ALTER TABLE "AMSUSER"."PILOTS" ADD PRIMARY KEY ("PILOT_ID")
  USING INDEX PCTFREE 10 INITRANS 2 MAXTRANS 255 COMPUTE STATISTICS 
  STORAGE(INITIAL 65536 NEXT 1048576 MINEXTENTS 1 MAXEXTENTS 2147483645
  PCTINCREASE 0 FREELISTS 1 FREELIST GROUPS 1 BUFFER_POOL DEFAULT FLASH_CACHE DEFAULT CELL_FLASH_CACHE DEFAULT)
  TABLESPACE "SYSTEM"  ENABLE;
--------------------------------------------------------
--  Constraints for Table PLANES
--------------------------------------------------------

  ALTER TABLE "AMSUSER"."PLANES" MODIFY ("PLANE_ID" NOT NULL ENABLE);
  ALTER TABLE "AMSUSER"."PLANES" ADD CONSTRAINT "PLANES_PK" PRIMARY KEY ("PLANE_ID", "OWNER_OWNER_ID")
  USING INDEX PCTFREE 10 INITRANS 2 MAXTRANS 255 COMPUTE STATISTICS 
  STORAGE(INITIAL 65536 NEXT 1048576 MINEXTENTS 1 MAXEXTENTS 2147483645
  PCTINCREASE 0 FREELISTS 1 FREELIST GROUPS 1 BUFFER_POOL DEFAULT FLASH_CACHE DEFAULT CELL_FLASH_CACHE DEFAULT)
  TABLESPACE "SYSTEM"  ENABLE;
  ALTER TABLE "AMSUSER"."PLANES" MODIFY ("OWNER_OWNER_ID" NOT NULL ENABLE);
  ALTER TABLE "AMSUSER"."PLANES" MODIFY ("PLANE_CAPACITY" NOT NULL ENABLE);
  ALTER TABLE "AMSUSER"."PLANES" MODIFY ("PLANE_TYPE" NOT NULL ENABLE);
--------------------------------------------------------
--  Constraints for Table OWNER
--------------------------------------------------------

  ALTER TABLE "AMSUSER"."OWNER" ADD PRIMARY KEY ("OWNER_ID")
  USING INDEX PCTFREE 10 INITRANS 2 MAXTRANS 255 COMPUTE STATISTICS 
  STORAGE(INITIAL 65536 NEXT 1048576 MINEXTENTS 1 MAXEXTENTS 2147483645
  PCTINCREASE 0 FREELISTS 1 FREELIST GROUPS 1 BUFFER_POOL DEFAULT FLASH_CACHE DEFAULT CELL_FLASH_CACHE DEFAULT)
  TABLESPACE "SYSTEM"  ENABLE;
  ALTER TABLE "AMSUSER"."OWNER" MODIFY ("OWNER_EMAIL" NOT NULL ENABLE);
  ALTER TABLE "AMSUSER"."OWNER" MODIFY ("OWNER_CONTACT_NO" NOT NULL ENABLE);
  ALTER TABLE "AMSUSER"."OWNER" MODIFY ("OWNER_LAST_NAME" NOT NULL ENABLE);
  ALTER TABLE "AMSUSER"."OWNER" MODIFY ("OWNER_FIRST_NAME" NOT NULL ENABLE);
  ALTER TABLE "AMSUSER"."OWNER" MODIFY ("OWNER_ID" NOT NULL ENABLE);
--------------------------------------------------------
--  Ref Constraints for Table PLANES
--------------------------------------------------------

  ALTER TABLE "AMSUSER"."PLANES" ADD CONSTRAINT "FK8EA35DB76C8E573" FOREIGN KEY ("OWNER_OWNER_ID")
	  REFERENCES "AMSUSER"."OWNER" ("OWNER_ID") ENABLE;
